id,first_name,last_name,email,ip_address
235,Lexine,Daouse,ldaouse0@ebay.co.uk,240.12.57.166
236,Romonda,Eberlein,reberlein1@angelfire.com,218.58.197.224
237,Joanie,Khan,jkhan2@mediafire.com,161.5.165.102
238,Joelly,Neising,jneising3@dedecms.com,236.85.227.55
239,Wilfrid,Bifield,wbifield4@engadget.com,93.178.125.245
240,Nady,Schrir,nschrir5@163.com,205.121.84.98
241,Eula,Leinweber,eleinweber6@npr.org,64.158.242.192
242,Arnold,Boolsen,aboolsen7@t.co,204.154.216.39
243,Roxana,Lenham,rlenham8@google.nl,242.173.179.64
244,Eada,Jone,ejone9@tumblr.com,180.14.190.244
245,Elsey,Lingwood,elingwooda@a8.net,41.59.121.245
246,Kingston,Whyberd,kwhyberdb@vk.com,90.104.194.107
247,Jonathon,Britland,jbritlandc@skyrock.com,24.13.180.172
248,Gabby,Beebee,gbeebeed@imdb.com,21.153.36.29
249,Jsandye,Hidderley,jhidderleye@pagesperso-orange.fr,142.228.71.162
250,Romy,Shawe,rshawef@gov.uk,87.222.107.155
251,Allina,Barme,abarmeg@quantcast.com,88.172.109.165
252,Othelia,Fallows,ofallowsh@guardian.co.uk,135.123.86.149
253,Eada,Harding,ehardingi@wikispaces.com,76.99.111.137
254,Dorolice,Devlin,ddevlinj@umich.edu,184.237.111.9
255,Virgil,Reynish,vreynishk@webs.com,116.194.233.8
256,Daffi,Bertelsen,dbertelsenl@bravesites.com,93.230.13.134
257,Ester,Sannes,esannesm@imageshack.us,205.176.242.156
258,Abbot,Winborn,awinbornn@msn.com,185.0.205.98
259,Jorge,Tudbald,jtudbaldo@blinklist.com,125.252.198.9
260,Gearalt,Narramor,gnarramorp@mashable.com,122.107.9.32
261,Phillida,Ivatts,pivattsq@hibu.com,202.6.208.141
262,Caesar,Sturridge,csturridger@cyberchimps.com,170.123.110.193
263,Godiva,Lattimer,glattimers@nymag.com,8.178.30.204
264,Derrek,Morston,dmorstont@w3.org,173.229.124.199
265,Leonanie,Foottit,lfoottitu@si.edu,97.204.123.224
266,Layne,Alsopp,lalsoppv@dot.gov,187.213.54.138
267,Starla,Castellan,scastellanw@wikia.com,44.124.80.110
268,Inez,Seymour,iseymourx@wisc.edu,100.239.137.10
269,Kenna,Binden,kbindeny@phpbb.com,53.223.50.46
270,Loella,Aupol,laupolz@comsenz.com,223.89.154.230
271,Merwin,Laddle,mladdle10@gnu.org,12.141.233.135
272,Warner,Gosswell,wgosswell11@jugem.jp,211.99.41.188
273,Rutherford,Outibridge,routibridge12@indiatimes.com,143.222.130.22
274,Pen,Dreye,pdreye13@upenn.edu,11.167.13.169
275,Guinna,Evitts,gevitts14@hp.com,40.195.240.210
276,Taber,Phillipps,tphillipps15@abc.net.au,188.47.132.125
277,Mack,Plows,mplows16@kickstarter.com,12.140.157.53
278,Marius,Garforth,mgarforth17@house.gov,195.68.19.200
279,Kassey,Landall,klandall18@imageshack.us,105.217.32.163
280,Tommie,Bingham,tbingham19@exblog.jp,95.67.172.159
281,Bern,Dudbridge,bdudbridge1a@ucoz.com,235.126.144.154
282,Lyle,Cowope,lcowope1b@salon.com,185.133.39.187
283,Celka,Eynon,ceynon1c@house.gov,156.89.199.99
284,Spence,Mabbs,smabbs1d@tiny.cc,184.105.161.39
285,Martina,Pecha,mpecha1e@fema.gov,121.123.128.226
286,Bryna,Measen,bmeasen1f@msn.com,180.128.120.92
287,Terry,Heliot,theliot1g@aboutads.info,137.54.71.180
288,Gilli,De Carolis,gdecarolis1h@salon.com,190.215.22.39
289,Moises,Battrick,mbattrick1i@digg.com,78.195.67.103
290,Cynthea,Everal,ceveral1j@state.tx.us,120.75.104.76
291,Quintin,Mansuer,qmansuer1k@spiegel.de,117.61.108.253
292,Morley,Dallin,mdallin1l@slate.com,40.125.139.119
293,Lucina,Mattacks,lmattacks1m@fotki.com,4.39.118.241
294,Inness,Ruzek,iruzek1n@yellowpages.com,31.77.86.131
295,Sherman,Stair,sstair1o@angelfire.com,138.182.199.212
296,Dacy,Handover,dhandover1p@netvibes.com,127.12.152.65
297,Garland,Eversfield,geversfield1q@theguardian.com,54.38.67.199
298,Kenton,Gleave,kgleave1r@linkedin.com,94.200.61.20
299,Francis,Wingeat,fwingeat1s@washington.edu,62.165.236.35
300,Evvy,Teresia,eteresia1t@pcworld.com,155.76.201.71
301,Minnaminnie,Klejin,mklejin1u@nps.gov,85.14.97.241
302,Mariel,Cotilard,mcotilard1v@howstuffworks.com,52.30.164.71
303,Gwendolyn,Cosley,gcosley1w@tmall.com,121.233.61.184
304,Madonna,Emerson,memerson1x@vistaprint.com,90.163.188.111
305,Juliann,Baudain,jbaudain1y@livejournal.com,71.164.236.51
306,Francyne,Chasemore,fchasemore1z@moonfruit.com,81.206.17.20
307,Jacenta,Gosden,jgosden20@miitbeian.gov.cn,138.58.123.13
308,Silva,Sauvan,ssauvan21@behance.net,214.246.253.124
309,Berry,Rabbe,brabbe22@usgs.gov,241.249.233.171
310,Janna,Klimentov,jklimentov23@smh.com.au,175.221.181.19
311,Tiff,Iannuzzelli,tiannuzzelli24@pagesperso-orange.fr,149.0.104.138
312,Hanan,Shorthouse,hshorthouse25@globo.com,171.122.189.123
313,Georges,Downing,gdowning26@nifty.com,54.134.40.10
314,Broderick,Marsland,bmarsland27@e-recht24.de,202.80.25.240
315,Barb,Brunn,bbrunn28@tumblr.com,213.130.221.191
316,Andrus,Gooden,agooden29@w3.org,58.183.178.247
317,Foster,Sparsholt,fsparsholt2a@ca.gov,116.68.253.181
318,Rodge,Combe,rcombe2b@telegraph.co.uk,243.181.144.91
319,Theadora,Donaway,tdonaway2c@t-online.de,33.45.75.237
320,Carma,Syalvester,csyalvester2d@vimeo.com,250.142.86.240
321,Gussie,Dransfield,gdransfield2e@sciencedaily.com,112.170.16.145
322,Cassey,Hussell,chussell2f@flavors.me,222.13.166.41
323,Verena,Airlie,vairlie2g@myspace.com,79.62.9.99
324,Eleonora,McGorman,emcgorman2h@indiegogo.com,14.85.19.200
325,Max,Ottey,mottey2i@jugem.jp,68.160.185.115
326,Faustine,Summerrell,fsummerrell2j@abc.net.au,33.97.220.21
327,Faythe,Urwin,furwin2k@shinystat.com,153.53.20.230
328,Sibylle,Allum,sallum2l@sciencedirect.com,101.163.246.91
329,Brook,Fellibrand,bfellibrand2m@bandcamp.com,152.193.181.111
330,Arleyne,Dassindale,adassindale2n@123-reg.co.uk,188.186.113.21
331,Bertie,Pannaman,bpannaman2o@huffingtonpost.com,149.171.15.200
332,Luis,Apedaile,lapedaile2p@goodreads.com,179.210.201.121
333,Minor,Manueli,mmanueli2q@answers.com,100.244.124.150
334,Homer,Cadany,hcadany2r@ibm.com,31.215.162.23
